{"step": 5571, "last_loss": 0.00012118817362928027, "examples": 7, "time": 1784582835.2258098}