{"step": 17270, "last_loss": 3.76725967300929e-05, "examples": 37, "time": 1784742775.5882683}