{"step": 5030, "last_loss": 0.007171188771230882, "examples": 32, "time": 1784667295.375496}