{"step": 6880, "last_loss": 0.00010740705599372013, "examples": 32, "time": 1784671024.4278047}