{"step": 10650, "last_loss": 0.00023287516368768668, "examples": 11, "time": 1784587111.1117334}