{"step": 1950, "last_loss": 0.030618756844987806, "examples": 31, "time": 1784663429.4475806}