{"step": 15520, "last_loss": 0.002378613913084136, "examples": 15, "time": 1784626763.7564886}