{"step": 11510, "last_loss": 0.00011176210482914307, "examples": 11, "time": 1784590844.940695}