{"step": 1820, "last_loss": 0.08401952353747924, "examples": 32, "time": 1784657612.9623504}