{"step": 15720, "last_loss": 6.85957504640922e-06, "examples": 36, "time": 1784723881.9132385}