{"step": 125760, "last_loss": 7.234176427792563e-05, "examples": 41, "time": 1784784247.9388394}